{
  "Total" : {
    "transaction" : "Total",
    "sampleCount" : 47378,
    "errorCount" : 47378,
    "errorPct" : 100.0,
    "meanResTime" : 35.654206593777815,
    "medianResTime" : 52.0,
    "minResTime" : 0.0,
    "maxResTime" : 206.0,
    "pct1ResTime" : 98.0,
    "pct2ResTime" : 110.0,
    "pct3ResTime" : 136.0,
    "throughput" : 5331.75782129192,
    "receivedKBytesPerSec" : 13698.361098216297,
    "sentKBytesPerSec" : 0.0
  },
  "HTTP Request character_id" : {
    "transaction" : "HTTP Request character_id",
    "sampleCount" : 47378,
    "errorCount" : 47378,
    "errorPct" : 100.0,
    "meanResTime" : 35.654206593777815,
    "medianResTime" : 52.0,
    "minResTime" : 0.0,
    "maxResTime" : 206.0,
    "pct1ResTime" : 98.0,
    "pct2ResTime" : 110.0,
    "pct3ResTime" : 136.0,
    "throughput" : 5331.75782129192,
    "receivedKBytesPerSec" : 13698.361098216297,
    "sentKBytesPerSec" : 0.0
  }
}