{
  "Total" : {
    "transaction" : "Total",
    "sampleCount" : 2000,
    "errorCount" : 0,
    "errorPct" : 0.0,
    "meanResTime" : 937.6595000000005,
    "medianResTime" : 26.5,
    "minResTime" : 2.0,
    "maxResTime" : 4367.0,
    "pct1ResTime" : 2841.8,
    "pct2ResTime" : 3421.95,
    "pct3ResTime" : 3611.9700000000003,
    "throughput" : 412.96716911005575,
    "receivedKBytesPerSec" : 34888.06331302912,
    "sentKBytesPerSec" : 50.81431963658889
  },
  "HTTP Request characters" : {
    "transaction" : "HTTP Request characters",
    "sampleCount" : 2000,
    "errorCount" : 0,
    "errorPct" : 0.0,
    "meanResTime" : 937.6595000000005,
    "medianResTime" : 26.5,
    "minResTime" : 2.0,
    "maxResTime" : 4367.0,
    "pct1ResTime" : 2841.8,
    "pct2ResTime" : 3421.95,
    "pct3ResTime" : 3611.9700000000003,
    "throughput" : 412.96716911005575,
    "receivedKBytesPerSec" : 34888.06331302912,
    "sentKBytesPerSec" : 50.81431963658889
  }
}