{
  "Total" : {
    "transaction" : "Total",
    "sampleCount" : 7943,
    "errorCount" : 7932,
    "errorPct" : 99.86151,
    "meanResTime" : 18287.959964748774,
    "medianResTime" : 27279.0,
    "minResTime" : 4.0,
    "maxResTime" : 32156.0,
    "pct1ResTime" : 30669.6,
    "pct2ResTime" : 31200.199999999997,
    "pct3ResTime" : 31770.0,
    "throughput" : 245.9513856634154,
    "receivedKBytesPerSec" : 70318.30246555194,
    "sentKBytesPerSec" : 10.111980376219229
  },
  "HTTP Request characters" : {
    "transaction" : "HTTP Request characters",
    "sampleCount" : 7943,
    "errorCount" : 7932,
    "errorPct" : 99.86151,
    "meanResTime" : 18287.959964748774,
    "medianResTime" : 27279.0,
    "minResTime" : 4.0,
    "maxResTime" : 32156.0,
    "pct1ResTime" : 30669.6,
    "pct2ResTime" : 31200.199999999997,
    "pct3ResTime" : 31770.0,
    "throughput" : 245.9513856634154,
    "receivedKBytesPerSec" : 70318.30246555194,
    "sentKBytesPerSec" : 10.111980376219229
  }
}