{
  "Total" : {
    "transaction" : "Total",
    "sampleCount" : 20000,
    "errorCount" : 331,
    "errorPct" : 1.655,
    "meanResTime" : 1439.3862499999996,
    "medianResTime" : 5.0,
    "minResTime" : 0.0,
    "maxResTime" : 10235.0,
    "pct1ResTime" : 7523.0,
    "pct2ResTime" : 8850.900000000001,
    "pct3ResTime" : 9975.970000000005,
    "throughput" : 1723.6921485822631,
    "receivedKBytesPerSec" : 520.5265812182195,
    "sentKBytesPerSec" : 367.50648404507456
  },
  "HTTP Request character" : {
    "transaction" : "HTTP Request character",
    "sampleCount" : 20000,
    "errorCount" : 331,
    "errorPct" : 1.655,
    "meanResTime" : 1439.3862499999996,
    "medianResTime" : 5.0,
    "minResTime" : 0.0,
    "maxResTime" : 10235.0,
    "pct1ResTime" : 7523.0,
    "pct2ResTime" : 8850.900000000001,
    "pct3ResTime" : 9975.970000000005,
    "throughput" : 1723.6921485822631,
    "receivedKBytesPerSec" : 520.5265812182195,
    "sentKBytesPerSec" : 367.50648404507456
  }
}