{
  "Total" : {
    "transaction" : "Total",
    "sampleCount" : 7729,
    "errorCount" : 7718,
    "errorPct" : 99.85768,
    "meanResTime" : 2632.719239228883,
    "medianResTime" : 2416.0,
    "minResTime" : 1.0,
    "maxResTime" : 8162.0,
    "pct1ResTime" : 5711.0,
    "pct2ResTime" : 6471.5,
    "pct3ResTime" : 7475.4,
    "throughput" : 511.88820451685547,
    "receivedKBytesPerSec" : 11477.374588134975,
    "sentKBytesPerSec" : 1.4668810848400555
  },
  "HTTP Request characters" : {
    "transaction" : "HTTP Request characters",
    "sampleCount" : 7729,
    "errorCount" : 7718,
    "errorPct" : 99.85768,
    "meanResTime" : 2632.719239228883,
    "medianResTime" : 2416.0,
    "minResTime" : 1.0,
    "maxResTime" : 8162.0,
    "pct1ResTime" : 5711.0,
    "pct2ResTime" : 6471.5,
    "pct3ResTime" : 7475.4,
    "throughput" : 511.88820451685547,
    "receivedKBytesPerSec" : 11477.374588134975,
    "sentKBytesPerSec" : 1.4668810848400555
  }
}