{
  "Total" : {
    "transaction" : "Total",
    "sampleCount" : 100,
    "errorCount" : 0,
    "errorPct" : 0.0,
    "meanResTime" : 2.9999999999999996,
    "medianResTime" : 3.0,
    "minResTime" : 2.0,
    "maxResTime" : 5.0,
    "pct1ResTime" : 4.0,
    "pct2ResTime" : 4.0,
    "pct3ResTime" : 4.989999999999995,
    "throughput" : 100.70493454179255,
    "receivedKBytesPerSec" : 33.43718529707956,
    "sentKBytesPerSec" : 16.22686933534743
  },
  "HTTP Request characters" : {
    "transaction" : "HTTP Request characters",
    "sampleCount" : 100,
    "errorCount" : 0,
    "errorPct" : 0.0,
    "meanResTime" : 2.9999999999999996,
    "medianResTime" : 3.0,
    "minResTime" : 2.0,
    "maxResTime" : 5.0,
    "pct1ResTime" : 4.0,
    "pct2ResTime" : 4.0,
    "pct3ResTime" : 4.989999999999995,
    "throughput" : 100.70493454179255,
    "receivedKBytesPerSec" : 33.43718529707956,
    "sentKBytesPerSec" : 16.22686933534743
  }
}