{
  "Total" : {
    "transaction" : "Total",
    "sampleCount" : 20000,
    "errorCount" : 1794,
    "errorPct" : 8.97,
    "meanResTime" : 1498.0542500000006,
    "medianResTime" : 6.0,
    "minResTime" : 0.0,
    "maxResTime" : 10576.0,
    "pct1ResTime" : 7856.0,
    "pct2ResTime" : 9200.95,
    "pct3ResTime" : 10337.990000000002,
    "throughput" : 1698.2253545045428,
    "receivedKBytesPerSec" : 815.9717431221874,
    "sentKBytesPerSec" : 333.6354427591917
  },
  "HTTP Request character" : {
    "transaction" : "HTTP Request character",
    "sampleCount" : 20000,
    "errorCount" : 1794,
    "errorPct" : 8.97,
    "meanResTime" : 1498.0542500000006,
    "medianResTime" : 6.0,
    "minResTime" : 0.0,
    "maxResTime" : 10576.0,
    "pct1ResTime" : 7856.0,
    "pct2ResTime" : 9200.95,
    "pct3ResTime" : 10337.990000000002,
    "throughput" : 1698.2253545045428,
    "receivedKBytesPerSec" : 815.9717431221874,
    "sentKBytesPerSec" : 333.6354427591917
  }
}