{
  "Total" : {
    "transaction" : "Total",
    "sampleCount" : 100,
    "errorCount" : 0,
    "errorPct" : 0.0,
    "meanResTime" : 620.2399999999998,
    "medianResTime" : 671.5,
    "minResTime" : 5.0,
    "maxResTime" : 1149.0,
    "pct1ResTime" : 1107.8,
    "pct2ResTime" : 1131.9,
    "pct3ResTime" : 1148.94,
    "throughput" : 46.970408642555185,
    "receivedKBytesPerSec" : 12.338906176608736,
    "sentKBytesPerSec" : 10.183037811178957
  },
  "HTTP Request character" : {
    "transaction" : "HTTP Request character",
    "sampleCount" : 100,
    "errorCount" : 0,
    "errorPct" : 0.0,
    "meanResTime" : 620.2399999999998,
    "medianResTime" : 671.5,
    "minResTime" : 5.0,
    "maxResTime" : 1149.0,
    "pct1ResTime" : 1107.8,
    "pct2ResTime" : 1131.9,
    "pct3ResTime" : 1148.94,
    "throughput" : 46.970408642555185,
    "receivedKBytesPerSec" : 12.338906176608736,
    "sentKBytesPerSec" : 10.183037811178957
  }
}