{
  "Total" : {
    "transaction" : "Total",
    "sampleCount" : 20000,
    "errorCount" : 746,
    "errorPct" : 3.73,
    "meanResTime" : 1149.7029499999962,
    "medianResTime" : 10.0,
    "minResTime" : 0.0,
    "maxResTime" : 8443.0,
    "pct1ResTime" : 5903.9000000000015,
    "pct2ResTime" : 6987.0,
    "pct3ResTime" : 7992.980000000003,
    "throughput" : 2043.5271278226219,
    "receivedKBytesPerSec" : 715.6313261533155,
    "sentKBytesPerSec" : 243.99175085572696
  },
  "HTTP Request character_id" : {
    "transaction" : "HTTP Request character_id",
    "sampleCount" : 20000,
    "errorCount" : 746,
    "errorPct" : 3.73,
    "meanResTime" : 1149.7029499999962,
    "medianResTime" : 10.0,
    "minResTime" : 0.0,
    "maxResTime" : 8443.0,
    "pct1ResTime" : 5903.9000000000015,
    "pct2ResTime" : 6987.0,
    "pct3ResTime" : 7992.980000000003,
    "throughput" : 2043.5271278226219,
    "receivedKBytesPerSec" : 715.6313261533155,
    "sentKBytesPerSec" : 243.99175085572696
  }
}