{
  "Total" : {
    "transaction" : "Total",
    "sampleCount" : 20000,
    "errorCount" : 2053,
    "errorPct" : 10.265,
    "meanResTime" : 3339.767849999992,
    "medianResTime" : 12.0,
    "minResTime" : 0.0,
    "maxResTime" : 34868.0,
    "pct1ResTime" : 16490.800000000003,
    "pct2ResTime" : 21452.9,
    "pct3ResTime" : 25022.99,
    "throughput" : 546.268982847154,
    "receivedKBytesPerSec" : 41557.050566796745,
    "sentKBytesPerSec" : 60.31689789208456
  },
  "HTTP Request characters" : {
    "transaction" : "HTTP Request characters",
    "sampleCount" : 20000,
    "errorCount" : 2053,
    "errorPct" : 10.265,
    "meanResTime" : 3339.767849999992,
    "medianResTime" : 12.0,
    "minResTime" : 0.0,
    "maxResTime" : 34868.0,
    "pct1ResTime" : 16490.800000000003,
    "pct2ResTime" : 21452.9,
    "pct3ResTime" : 25022.99,
    "throughput" : 546.268982847154,
    "receivedKBytesPerSec" : 41557.050566796745,
    "sentKBytesPerSec" : 60.31689789208456
  }
}